product_name,salesorderid
Adjustable Race,
BB Ball Bearing,
Bearing Ball,
Blade,
Chain Stays,
Chainring,
Chainring Bolts,
Chainring Nut,
Cone-Shaped Race,
Crown Race,
Cup-Shaped Race,
Decal 1,
Decal 2,
Down Tube,
External Lock Washer 1,
External Lock Washer 2,
External Lock Washer 3,
External Lock Washer 4,
External Lock Washer 5,
External Lock Washer 6,
External Lock Washer 7,
External Lock Washer 8,
External Lock Washer 9,
Flat Washer 1,
Flat Washer 2,
Flat Washer 3,
Flat Washer 4,
Flat Washer 5,
Flat Washer 6,
Flat Washer 7,
Flat Washer 8,
Flat Washer 9,
Fork Crown,
Fork End,
Freewheel,
Front Derailleur Cage,
Front Derailleur Linkage,
Guide Pulley,
HL Crankarm,
HL Grip Tape,
HL Hub,
"HL Mountain Frame - Black, 46",
"HL Mountain Frame - Silver, 44",
HL Mountain Rim,
HL Mountain Seat Assembly,
HL Nipple,
"HL Road Frame - Black, 52",
"HL Road Frame - Black, 58",
"HL Road Frame - Black, 62",
"HL Road Frame - Red, 52",
"HL Road Frame - Red, 56",
"HL Road Frame - Red, 58",
HL Road Rim,
HL Road Seat Assembly,
HL Shell,
HL Spindle/Axle,
HL Touring Seat Assembly,
Handlebar Tube,
Head Tube,
Headlights - Dual-Beam,
Headlights - Weatherproof,
Headset Ball Bearings,
Hex Nut 1,
Hex Nut 10,
Hex Nut 11,
Hex Nut 12,
Hex Nut 13,
Hex Nut 14,
Hex Nut 15,
Hex Nut 16,
Hex Nut 17,
Hex Nut 18,
Hex Nut 19,
Hex Nut 2,
Hex Nut 20,
Hex Nut 21,
Hex Nut 22,
Hex Nut 23,
Hex Nut 3,
Hex Nut 4,
Hex Nut 5,
Hex Nut 6,
Hex Nut 7,
Hex Nut 8,
Hex Nut 9,
Internal Lock Washer 1,
Internal Lock Washer 10,
Internal Lock Washer 2,
Internal Lock Washer 3,
Internal Lock Washer 4,
Internal Lock Washer 5,
Internal Lock Washer 6,
Internal Lock Washer 7,
Internal Lock Washer 8,
Internal Lock Washer 9,
Keyed Washer,
LL Crankarm,
LL Grip Tape,
LL Hub,
LL Mountain Rim,
LL Mountain Seat Assembly,
LL Nipple,
"LL Road Frame - Black, 48",
"LL Road Frame - Black, 62",
"LL Road Frame - Red, 58",
LL Road Front Wheel,
LL Road Rim,
LL Road Seat Assembly,
LL Shell,
LL Spindle/Axle,
"LL Touring Frame - Yellow, 54",
LL Touring Seat Assembly,
Lock Nut 1,
Lock Nut 10,
Lock Nut 11,
Lock Nut 12,
Lock Nut 13,
Lock Nut 14,
Lock Nut 15,
Lock Nut 16,
Lock Nut 17,
Lock Nut 18,
Lock Nut 19,
Lock Nut 2,
Lock Nut 20,
Lock Nut 21,
Lock Nut 22,
Lock Nut 23,
Lock Nut 3,
Lock Nut 4,
Lock Nut 5,
Lock Nut 6,
Lock Nut 7,
Lock Nut 8,
Lock Nut 9,
Lock Ring,
Lock Washer 1,
Lock Washer 10,
Lock Washer 11,
Lock Washer 12,
Lock Washer 13,
Lock Washer 2,
Lock Washer 3,
Lock Washer 4,
Lock Washer 5,
Lock Washer 6,
Lock Washer 7,
Lock Washer 8,
Lock Washer 9,
Lower Head Race,
ML Bottom Bracket,
ML Crankarm,
ML Fork,
ML Grip Tape,
ML Mountain Rim,
ML Mountain Seat Assembly,
"ML Road Frame - Red, 44",
"ML Road Frame - Red, 58",
"ML Road Frame - Red, 60",
"ML Road Frame-W - Yellow, 42",
ML Road Handlebars,
ML Road Rim,
ML Road Seat Assembly,
ML Road Seat/Saddle,
ML Touring Seat Assembly,
"Men's Sports Shorts, XL",
Metal Angle,
Metal Bar 1,
Metal Bar 2,
Metal Plate 1,
Metal Plate 2,
Metal Plate 3,
Metal Sheet 1,
Metal Sheet 2,
Metal Sheet 3,
Metal Sheet 4,
Metal Sheet 5,
Metal Sheet 6,
Metal Sheet 7,
Metal Tread Plate,
Mountain End Caps,
Mountain Pump,
Paint - Black,
Paint - Blue,
Paint - Red,
Paint - Silver,
Paint - Yellow,
Pinch Bolt,
Rear Derailleur Cage,
Reflector,
Road End Caps,
Seat Lug,
Seat Post,
Seat Stays,
Seat Tube,
Spokes,
Steerer,
Stem,
Taillights - Battery-Powered,
Tension Pulley,
Thin-Jam Hex Nut 1,
Thin-Jam Hex Nut 10,
Thin-Jam Hex Nut 11,
Thin-Jam Hex Nut 12,
Thin-Jam Hex Nut 13,
Thin-Jam Hex Nut 14,
Thin-Jam Hex Nut 15,
Thin-Jam Hex Nut 16,
Thin-Jam Hex Nut 2,
Thin-Jam Hex Nut 3,
Thin-Jam Hex Nut 4,
Thin-Jam Hex Nut 5,
Thin-Jam Hex Nut 6,
Thin-Jam Hex Nut 7,
Thin-Jam Hex Nut 8,
Thin-Jam Hex Nut 9,
Thin-Jam Lock Nut 1,
Thin-Jam Lock Nut 10,
Thin-Jam Lock Nut 11,
Thin-Jam Lock Nut 12,
Thin-Jam Lock Nut 13,
Thin-Jam Lock Nut 14,
Thin-Jam Lock Nut 15,
Thin-Jam Lock Nut 16,
Thin-Jam Lock Nut 2,
Thin-Jam Lock Nut 3,
Thin-Jam Lock Nut 4,
Thin-Jam Lock Nut 5,
Thin-Jam Lock Nut 6,
Thin-Jam Lock Nut 7,
Thin-Jam Lock Nut 8,
Thin-Jam Lock Nut 9,
Top Tube,
Touring End Caps,
Touring Front Wheel,
Touring Rear Wheel,
Touring Rim,
"Touring-Panniers, Large",
