firstname,lastname,rn
Amy,Alberts,1
Amy,Alberts,2
Amy,Alberts,3
Amy,Alberts,4
Amy,Alberts,5
Amy,Alberts,6
David,Campbell,1
David,Campbell,2
David,Campbell,3
David,Campbell,4
David,Campbell,5
David,Campbell,6
David,Campbell,7
David,Campbell,8
David,Campbell,9
David,Campbell,10
David,Campbell,11
David,Campbell,12
David,Campbell,13
David,Campbell,14
David,Campbell,15
David,Campbell,16
David,Campbell,17
David,Campbell,18
David,Campbell,19
David,Campbell,20
David,Campbell,21
David,Campbell,22
David,Campbell,23
David,Campbell,24
David,Campbell,25
David,Campbell,26
David,Campbell,27
Garrett,Vargas,1
Garrett,Vargas,2
Garrett,Vargas,3
Garrett,Vargas,4
Garrett,Vargas,5
Garrett,Vargas,6
Garrett,Vargas,7
Garrett,Vargas,8
Garrett,Vargas,9
Garrett,Vargas,10
Garrett,Vargas,11
Garrett,Vargas,12
Garrett,Vargas,13
Garrett,Vargas,14
Garrett,Vargas,15
Garrett,Vargas,16
Garrett,Vargas,17
Garrett,Vargas,18
Garrett,Vargas,19
Garrett,Vargas,20
Garrett,Vargas,21
Jae,Pak,1
Jae,Pak,2
Jae,Pak,3
Jae,Pak,4
Jae,Pak,5
Jae,Pak,6
Jae,Pak,7
Jae,Pak,8
Jae,Pak,9
Jae,Pak,10
Jae,Pak,11
Jae,Pak,12
Jae,Pak,13
Jae,Pak,14
Jae,Pak,15
Jae,Pak,16
Jae,Pak,17
Jae,Pak,18
Jae,Pak,19
Jae,Pak,20
Jae,Pak,21
Jae,Pak,22
Jae,Pak,23
Jae,Pak,24
Jae,Pak,25
Jae,Pak,26
Jae,Pak,27
Jae,Pak,28
Jae,Pak,29
Jae,Pak,30
Jae,Pak,31
Jae,Pak,32
Jae,Pak,33
Jae,Pak,34
Jae,Pak,35
Jae,Pak,36
Jae,Pak,37
Jae,Pak,38
Jae,Pak,39
Jae,Pak,40
Jae,Pak,41
Jae,Pak,42
Jae,Pak,43
Jae,Pak,44
Jae,Pak,45
Jae,Pak,46
Jae,Pak,47
Jae,Pak,48
Jae,Pak,49
Jae,Pak,50
Jae,Pak,51
Jae,Pak,52
Jae,Pak,53
Jae,Pak,54
Jae,Pak,55
Jae,Pak,56
Jae,Pak,57
Jae,Pak,58
Jae,Pak,59
Jae,Pak,60
Jae,Pak,61
Jae,Pak,62
Jae,Pak,63
Jae,Pak,64
Jae,Pak,65
Jae,Pak,66
Jae,Pak,67
Jae,Pak,68
Jae,Pak,69
Jae,Pak,70
Jae,Pak,71
Jae,Pak,72
Jae,Pak,73
Jae,Pak,74
Jae,Pak,75
Jae,Pak,76
Jae,Pak,77
Jae,Pak,78
Jae,Pak,79
Jae,Pak,80
Jae,Pak,81
Jae,Pak,82
Jae,Pak,83
Jae,Pak,84
Jae,Pak,85
Jae,Pak,86
Jae,Pak,87
Jae,Pak,88
Jae,Pak,89
Jae,Pak,90
Jae,Pak,91
Jae,Pak,92
Jae,Pak,93
Jae,Pak,94
Jae,Pak,95
Jae,Pak,96
Jae,Pak,97
Jae,Pak,98
Jillian,Carson,1
Jillian,Carson,2
Jillian,Carson,3
Jillian,Carson,4
Jillian,Carson,5
Jillian,Carson,6
Jillian,Carson,7
Jillian,Carson,8
Jillian,Carson,9
Jillian,Carson,10
Jillian,Carson,11
Jillian,Carson,12
Jillian,Carson,13
Jillian,Carson,14
Jillian,Carson,15
Jillian,Carson,16
Jillian,Carson,17
Jillian,Carson,18
Jillian,Carson,19
Jillian,Carson,20
Jillian,Carson,21
Jillian,Carson,22
Jillian,Carson,23
Jillian,Carson,24
Jillian,Carson,25
Jillian,Carson,26
Jillian,Carson,27
Jillian,Carson,28
Jillian,Carson,29
Jillian,Carson,30
Jillian,Carson,31
Jillian,Carson,32
Jillian,Carson,33
Jillian,Carson,34
Jillian,Carson,35
Jillian,Carson,36
Jillian,Carson,37
Jillian,Carson,38
Jillian,Carson,39
Jillian,Carson,40
Jillian,Carson,41
Jillian,Carson,42
Jillian,Carson,43
Jillian,Carson,44
Jillian,Carson,45
Jillian,Carson,46
Jillian,Carson,47
Jillian,Carson,48
Jillian,Carson,49
Jillian,Carson,50
Jillian,Carson,51
Jillian,Carson,52
Jillian,Carson,53
Jillian,Carson,54
Jillian,Carson,55
Jillian,Carson,56
Jillian,Carson,57
Jillian,Carson,58
Jillian,Carson,59
José,Saraiva,1
José,Saraiva,2
José,Saraiva,3
José,Saraiva,4
José,Saraiva,5
José,Saraiva,6
José,Saraiva,7
José,Saraiva,8
José,Saraiva,9
José,Saraiva,10
José,Saraiva,11
José,Saraiva,12
José,Saraiva,13
José,Saraiva,14
José,Saraiva,15
José,Saraiva,16
José,Saraiva,17
José,Saraiva,18
José,Saraiva,19
José,Saraiva,20
José,Saraiva,21
José,Saraiva,22
José,Saraiva,23
José,Saraiva,24
José,Saraiva,25
José,Saraiva,26
José,Saraiva,27
José,Saraiva,28
José,Saraiva,29
José,Saraiva,30
José,Saraiva,31
José,Saraiva,32
José,Saraiva,33
José,Saraiva,34
José,Saraiva,35
José,Saraiva,36
José,Saraiva,37
Linda,Mitchell,1
Linda,Mitchell,2
Linda,Mitchell,3
Linda,Mitchell,4
Linda,Mitchell,5
Linda,Mitchell,6
Linda,Mitchell,7
Linda,Mitchell,8
Linda,Mitchell,9
Linda,Mitchell,10
Linda,Mitchell,11
Linda,Mitchell,12
Linda,Mitchell,13
Linda,Mitchell,14
Linda,Mitchell,15
Linda,Mitchell,16
Linda,Mitchell,17
Linda,Mitchell,18
Linda,Mitchell,19
Linda,Mitchell,20
Linda,Mitchell,21
Linda,Mitchell,22
Linda,Mitchell,23
Linda,Mitchell,24
Linda,Mitchell,25
Linda,Mitchell,26
Linda,Mitchell,27
Linda,Mitchell,28
Linda,Mitchell,29
Linda,Mitchell,30
Linda,Mitchell,31
Linda,Mitchell,32
Linda,Mitchell,33
Linda,Mitchell,34
Linda,Mitchell,35
Linda,Mitchell,36
Linda,Mitchell,37
Linda,Mitchell,38
Linda,Mitchell,39
Linda,Mitchell,40
Linda,Mitchell,41
Linda,Mitchell,42
Linda,Mitchell,43
Linda,Mitchell,44
Linda,Mitchell,45
Linda,Mitchell,46
Linda,Mitchell,47
Linda,Mitchell,48
Linda,Mitchell,49
Linda,Mitchell,50
Linda,Mitchell,51
Linda,Mitchell,52
Linda,Mitchell,53
Linda,Mitchell,54
Linda,Mitchell,55
Linda,Mitchell,56
Linda,Mitchell,57
Linda,Mitchell,58
Linda,Mitchell,59
Linda,Mitchell,60
Linda,Mitchell,61
Linda,Mitchell,62
Linda,Mitchell,63
Linda,Mitchell,64
Linda,Mitchell,65
Linda,Mitchell,66
Linda,Mitchell,67
Linda,Mitchell,68
Linda,Mitchell,69
Linda,Mitchell,70
Linda,Mitchell,71
Linda,Mitchell,72
Linda,Mitchell,73
Lynn,Tsoflias,1
Lynn,Tsoflias,2
Lynn,Tsoflias,3
Lynn,Tsoflias,4
Lynn,Tsoflias,5
Michael,Blythe,1
Michael,Blythe,2
Michael,Blythe,3
Michael,Blythe,4
Michael,Blythe,5
Michael,Blythe,6
Michael,Blythe,7
Michael,Blythe,8
Michael,Blythe,9
Michael,Blythe,10
Michael,Blythe,11
Michael,Blythe,12
Michael,Blythe,13
Michael,Blythe,14
Michael,Blythe,15
Michael,Blythe,16
Michael,Blythe,17
Michael,Blythe,18
Michael,Blythe,19
Michael,Blythe,20
Michael,Blythe,21
Michael,Blythe,22
Michael,Blythe,23
Michael,Blythe,24
Michael,Blythe,25
Michael,Blythe,26
Michael,Blythe,27
Michael,Blythe,28
Michael,Blythe,29
Michael,Blythe,30
Michael,Blythe,31
Michael,Blythe,32
Michael,Blythe,33
Michael,Blythe,34
Michael,Blythe,35
Michael,Blythe,36
Michael,Blythe,37
Michael,Blythe,38
Michael,Blythe,39
Michael,Blythe,40
Michael,Blythe,41
Michael,Blythe,42
Michael,Blythe,43
Michael,Blythe,44
Michael,Blythe,45
Michael,Blythe,46
Michael,Blythe,47
Michael,Blythe,48
Michael,Blythe,49
Michael,Blythe,50
Michael,Blythe,51
Michael,Blythe,52
Michael,Blythe,53
Michael,Blythe,54
Michael,Blythe,55
Michael,Blythe,56
Michael,Blythe,57
Michael,Blythe,58
Michael,Blythe,59
Michael,Blythe,60
Michael,Blythe,61
Michael,Blythe,62
Michael,Blythe,63
Michael,Blythe,64
Michael,Blythe,65
Michael,Blythe,66
Michael,Blythe,67
Michael,Blythe,68
Michael,Blythe,69
Pamela,Ansman-Wolfe,1
Pamela,Ansman-Wolfe,2
Pamela,Ansman-Wolfe,3
Pamela,Ansman-Wolfe,4
Pamela,Ansman-Wolfe,5
Pamela,Ansman-Wolfe,6
Pamela,Ansman-Wolfe,7
Pamela,Ansman-Wolfe,8
Pamela,Ansman-Wolfe,9
Pamela,Ansman-Wolfe,10
Pamela,Ansman-Wolfe,11
Pamela,Ansman-Wolfe,12
Pamela,Ansman-Wolfe,13
Pamela,Ansman-Wolfe,14
Pamela,Ansman-Wolfe,15
Pamela,Ansman-Wolfe,16
Pamela,Ansman-Wolfe,17
Rachel,Valdez,1
Rachel,Valdez,2
Rachel,Valdez,3
Rachel,Valdez,4
Rachel,Valdez,5
Rachel,Valdez,6
Rachel,Valdez,7
Ranjit,Varkey Chudukatil,1
Ranjit,Varkey Chudukatil,2
Ranjit,Varkey Chudukatil,3
Ranjit,Varkey Chudukatil,4
Ranjit,Varkey Chudukatil,5
Ranjit,Varkey Chudukatil,6
Ranjit,Varkey Chudukatil,7
Ranjit,Varkey Chudukatil,8
Ranjit,Varkey Chudukatil,9
Ranjit,Varkey Chudukatil,10
Ranjit,Varkey Chudukatil,11
Ranjit,Varkey Chudukatil,12
Ranjit,Varkey Chudukatil,13
Ranjit,Varkey Chudukatil,14
Ranjit,Varkey Chudukatil,15
Ranjit,Varkey Chudukatil,16
Ranjit,Varkey Chudukatil,17
Ranjit,Varkey Chudukatil,18
Ranjit,Varkey Chudukatil,19
Ranjit,Varkey Chudukatil,20
Ranjit,Varkey Chudukatil,21
Ranjit,Varkey Chudukatil,22
Ranjit,Varkey Chudukatil,23
Ranjit,Varkey Chudukatil,24
Ranjit,Varkey Chudukatil,25
Ranjit,Varkey Chudukatil,26
Ranjit,Varkey Chudukatil,27
Ranjit,Varkey Chudukatil,28
Ranjit,Varkey Chudukatil,29
Ranjit,Varkey Chudukatil,30
Ranjit,Varkey Chudukatil,31
Ranjit,Varkey Chudukatil,32
Ranjit,Varkey Chudukatil,33
Ranjit,Varkey Chudukatil,34
Ranjit,Varkey Chudukatil,35
Ranjit,Varkey Chudukatil,36
Ranjit,Varkey Chudukatil,37
Ranjit,Varkey Chudukatil,38
Ranjit,Varkey Chudukatil,39
Ranjit,Varkey Chudukatil,40
Shu,Ito,1
Shu,Ito,2
Shu,Ito,3
Shu,Ito,4
Shu,Ito,5
Shu,Ito,6
Shu,Ito,7
Shu,Ito,8
Shu,Ito,9
Shu,Ito,10
Shu,Ito,11
Shu,Ito,12
Shu,Ito,13
Shu,Ito,14
Shu,Ito,15
Shu,Ito,16
Shu,Ito,17
Shu,Ito,18
Shu,Ito,19
Shu,Ito,20
Shu,Ito,21
Shu,Ito,22
Shu,Ito,23
Shu,Ito,24
Shu,Ito,25
Shu,Ito,26
Shu,Ito,27
Shu,Ito,28
Shu,Ito,29
Shu,Ito,30
Shu,Ito,31
Shu,Ito,32
Stephen,Jiang,1
Stephen,Jiang,2
Stephen,Jiang,3
Stephen,Jiang,4
Stephen,Jiang,5
Stephen,Jiang,6
Stephen,Jiang,7
Stephen,Jiang,8
Tete,Mensa-Annan,1
Tete,Mensa-Annan,2
Tete,Mensa-Annan,3
Tete,Mensa-Annan,4
Tete,Mensa-Annan,5
Tete,Mensa-Annan,6
Tete,Mensa-Annan,7
Tete,Mensa-Annan,8
Tete,Mensa-Annan,9
Tete,Mensa-Annan,10
Tete,Mensa-Annan,11
Tete,Mensa-Annan,12
Tete,Mensa-Annan,13
Tete,Mensa-Annan,14
Tsvi,Reiter,1
Tsvi,Reiter,2
Tsvi,Reiter,3
Tsvi,Reiter,4
Tsvi,Reiter,5
Tsvi,Reiter,6
Tsvi,Reiter,7
Tsvi,Reiter,8
Tsvi,Reiter,9
Tsvi,Reiter,10
Tsvi,Reiter,11
Tsvi,Reiter,12
Tsvi,Reiter,13
Tsvi,Reiter,14
Tsvi,Reiter,15
Tsvi,Reiter,16
Tsvi,Reiter,17
Tsvi,Reiter,18
Tsvi,Reiter,19
Tsvi,Reiter,20
Tsvi,Reiter,21
Tsvi,Reiter,22
Tsvi,Reiter,23
Tsvi,Reiter,24
Tsvi,Reiter,25
Tsvi,Reiter,26
Tsvi,Reiter,27
Tsvi,Reiter,28
Tsvi,Reiter,29
Tsvi,Reiter,30
Tsvi,Reiter,31
Tsvi,Reiter,32
Tsvi,Reiter,33
Tsvi,Reiter,34
Tsvi,Reiter,35
Tsvi,Reiter,36
Tsvi,Reiter,37
Tsvi,Reiter,38
Tsvi,Reiter,39
Tsvi,Reiter,40
Tsvi,Reiter,41
Tsvi,Reiter,42
Tsvi,Reiter,43
Tsvi,Reiter,44
Tsvi,Reiter,45
Tsvi,Reiter,46
Tsvi,Reiter,47
Tsvi,Reiter,48
Tsvi,Reiter,49
Tsvi,Reiter,50
